Date,Portfolio_Return,Portfolio_Value
2020-08-07,0.0,100000.0
2020-08-10,0.006131506199351494,100613.15061993514
2020-08-11,-0.002504844626213349,100361.1303102784
2020-08-12,0.007601909394504802,101124.06652962722
2020-08-13,-0.002228796282412951,100898.6815860835
2020-08-14,0.0007621323696473611,100975.57973737501
2020-08-17,-0.0003312892542910112,100942.12761286221
2020-08-18,-0.00032403807643590233,100909.41851999919
2020-08-19,-0.0033115140916788336,100575.2555585871
2020-08-20,-0.002914167421993108,100282.16242537963
2020-08-21,-0.0008931754581165198,100192.59285901443
2020-08-24,0.011432075276014109,101338.00212267772
2020-08-25,0.002373935286970837,101578.57198182787
2020-08-26,0.000505031193978617,101629.8723293185
2020-08-27,0.00451805557199025,102089.04174027662
2020-08-28,0.005941510438794066,102695.60484746296
2020-08-31,-0.004891369675089456,102193.28268014711
2020-09-01,0.0058961439089722095,102795.82898135953
2020-09-02,0.015419790572945903,104380.91913602446
2020-09-03,-0.02655522529179387,101609.0603122028
2020-09-04,-0.002987721356106276,101305.48075273416
2020-09-08,-0.023397087858801055,98935.22751898436
2020-09-09,0.015533027187745147,100471.99109786248
2020-09-10,-0.015604007837073183,98904.2253613651
2020-09-11,0.0013242584987458535,99035.20012236176
2020-09-14,0.013451049431620942,100367.32749467812
2020-09-15,0.0014661578201660478,100514.4818367736
2020-09-16,0.0033444432529428523,100850.64681737566
2020-09-17,-0.006275160281081763,100217.79284414585
2020-09-18,-0.008551965943643493,99360.73369279559
2020-09-21,-0.016670392252796117,97704.35128761106
2020-09-22,0.007559704231987174,98442.9672855236
2020-09-23,-0.02188119020977085,96288.91799353481
2020-09-24,-0.0008630326044759343,96205.81751785667
2020-09-25,0.014745601208400511,97624.43013690313
2020-09-28,0.018135022494366115,99394.85137343555
2020-09-29,-0.003946031309099852,99002.63617795263
2020-09-30,0.007986499642415162,99793.32069638603
2020-10-01,0.005057849454459745,100298.06028902897
2020-10-02,-0.0026240202157497487,100034.87615123008
2020-10-05,0.016340298580013037,101669.47589595578
2020-10-06,-0.010231061402173044,100629.28924533751
2020-10-07,0.01591704980923029,102231.01065452301
2020-10-08,0.010691557549711593,103324.019388301
2020-10-09,0.004876982513370545,103827.9288240689
2020-10-12,0.009482788583101073,104812.50712212882
2020-10-13,-0.008530889887166805,103918.36316507206
2020-10-14,-0.004517901414793832,103448.87024510551
2020-10-15,0.0033717004992648227,103797.66885255932
2020-10-16,0.001020209894521443,103903.56426135094
2020-10-19,-0.014863246458870777,102359.21997777937
2020-10-20,0.003976427406297623,102766.24398538627
2020-10-21,-0.004887976520696371,102263.92499766554
2020-10-22,0.008329618164921606,103115.74444494228
2020-10-23,0.0036969226960299182,103496.9553808988
2020-10-26,-0.0200491035226387,101421.93420818925
2020-10-27,-0.011008696709081726,100305.41089484286
2020-10-28,-0.029664197852509712,97329.93134038096
2020-10-29,0.010270991274078538,98329.60621588468
2020-10-30,-0.0045211422696342495,97885.04407686554
2020-11-02,0.018016467437396357,99648.5867860845
2020-11-03,0.019410031219392013,101582.7689665707
2020-11-04,0.012061445053111032,102808.00395280388
2020-11-05,0.017680902300150497,104625.74222636689
2020-11-06,0.002920844564178729,104931.33775682193
2020-11-09,0.03205886103874676,108295.31693257768
2020-11-10,0.0020374512678075552,108515.96336335958
2020-11-11,0.0007724201702108971,108599.7832822513
2020-11-12,-0.012039762458593983,107292.26768847821
2020-11-13,0.01751064003382404,109171.02396638386
2020-11-16,0.01567139680593523,110881.88640267131
2020-11-17,-0.0038071119034820615,110459.74665306717
2020-11-18,-0.011164088349330407,109226.56428238768
2020-11-19,0.004709972525056944,109741.01839916411
2020-11-20,-0.005361386516319614,109152.65438283164
2020-11-23,0.011052256165716784,110359.03748023864
2020-11-24,0.01714527856072701,112251.17391953105
2020-11-25,-0.002623454071031544,111956.6881203338
2020-11-27,0.0011685949526242408,112087.52014098376
2020-11-30,-0.007558281206778457,111240.33114398774
2020-12-01,0.0072762900189867015,112049.74805519951
2020-12-02,0.0029038996044428575,112375.12927425493
2020-12-03,0.0046247481831705045,112894.83594919958
2020-12-04,0.013422228713155253,114410.13625784389
2020-12-07,-0.005392762091879079,113793.14961210587
2020-12-08,0.0034328112347352183,114183.78001453022
2020-12-09,-0.006256806389661076,113469.35421013966
2020-12-10,0.001293785314692292,113616.15919428437
2020-12-11,-0.004675269099754612,113084.97307597051
2020-12-14,-0.005980082284039603,112408.71563188781
2020-12-15,0.013302214784722351,113904.00051089797
2020-12-16,0.0005615314496840265,113967.96118942967
2020-12-17,0.00730850803369615,114800.89694936656
2020-12-18,-0.0012158517388012793,114661.31607919474
2020-12-21,-0.004934472863269041,114095.52292653524
2020-12-22,-0.0037795271405428794,113664.29580101998
2020-12-23,0.00251640758153381,113950.32149672337
2020-12-24,0.002563895440646369,114242.47820646902
2020-12-28,0.0024950803180512496,114527.52236532737
2020-12-29,-0.004947903888271859,113960.85119210184
2020-12-30,0.00531777279082913,114566.86910579093
2020-12-31,0.007675866642787249,115446.26911472864
2021-01-04,-0.019520627514616213,113192.68549738788
2021-01-05,0.0101499830216494,114341.58933336128
2021-01-06,0.015992419697285425,116170.18801883503
2021-01-07,0.01376554812103273,117769.33433223773
2021-01-08,0.0039289297859499825,118232.04177776715
2021-01-11,-0.003574284889049213,117809.44677743946
2021-01-12,0.005078693832139769,118407.76488815586
2021-01-13,-0.0012559030078824582,118259.05622007618
2021-01-14,0.001290974001914063,118411.72558714719
2021-01-15,-0.007144709165833823,117565.7082460025
2021-01-19,0.006316248744840718,118308.28250314762
2021-01-20,0.00740038454939269,119183.80928904911
2021-01-21,-0.003763248908785366,118735.2909487972
2021-01-22,-0.004257180404261294,118229.81339487573
2021-01-25,-0.003295850429234198,117840.14561364995
2021-01-26,-0.005134067085751077,117235.1464006748
2021-01-27,-0.025447709617993277,114251.78043804751
2021-01-28,0.01619893588774283,116102.53770442391
2021-01-29,-0.01701726131224959,114126.79048129242
2021-02-01,0.013434342788733736,115660.0089059961
2021-02-02,0.014715042278680557,117361.9508270004
2021-02-03,0.0024608464574580155,117650.7605679334
2021-02-04,0.012857177649437728,119163.41729714679
2021-02-05,0.003650300465054339,119598.39957472403
2021-02-08,0.00894196391463053,120667.84414796876
2021-02-09,-0.0003015291288719975,120631.45927803995
2021-02-10,0.0015112210794545795,120813.76008214628
2021-02-11,0.0020986340770244136,121067.30395602812
2021-02-12,0.004295582816125217,121587.35858649625
2021-02-16,-0.00026124103143676124,121555.59497952943
2021-02-17,0.00028104352148532993,121589.75739199873
2021-02-18,-0.005215146811801946,120955.64895638809
2021-02-19,0.0055909509471655135,121631.90605648582
2021-02-22,-0.0022195945543040706,121361.93254017322
2021-02-23,-0.000760005206329675,121269.69683959245
2021-02-24,0.011634298695027176,122680.58471527965
2021-02-25,-0.02254940735813316,119914.21023560085
2021-02-26,-0.0034011983971357664,119506.35821595372
2021-03-01,0.020579295239474188,121965.71484467418
2021-03-02,-0.006270329333098808,121200.94964525125
2021-03-03,-0.010349760250487387,119946.5488742915
2021-03-04,-0.015242076806591849,118118.31436366393
2021-03-05,0.017173273598809092,120146.79249326128
2021-03-08,-0.0030149213289750016,119784.55936596541
2021-03-09,0.010142784189886296,120999.508300895
2021-03-10,0.00819216106568223,121990.7557617643
2021-03-11,0.011776750480785733,123427.41045333307
2021-03-12,0.004721214947496643,124010.13778849617
2021-03-15,0.00960149754361629,125200.82082185593
2021-03-16,-0.007516288082013088,124259.77538445436
2021-03-17,0.003975178754108702,124753.73020355296
2021-03-18,-0.01453365238425006,122940.60285513599
2021-03-19,-0.0021972447050436195,122670.4722664777
2021-03-22,0.0044164124583209495,123212.23566846349
2021-03-23,-0.010617105894255215,121904.07831490348
2021-03-24,-0.0005846586694718465,121832.8060386727
2021-03-25,0.006836443277735151,122665.70910652341
2021-03-26,0.019548245504390955,125063.60850310794
2021-03-29,-0.001177023135500317,124916.40574249064
2021-03-30,-0.0024073256749302407,124615.69127172671
2021-03-31,0.002156165536675135,124884.38333057574
2021-04-01,0.01147208023148627,126317.06699580379
2021-04-05,0.008658945835669797,127410.83963704112
2021-04-06,6.785253155252292e-05,127419.4847850577
2021-04-07,-0.0011270609022523282,127275.87526557133
2021-04-08,0.0017336292514270122,127496.5244459327
2021-04-09,0.005909284691572277,128249.93770606972
2021-04-12,0.00025054311830265,128282.0698453847
2021-04-13,0.0027616988193649235,128636.34628622238
2021-04-14,0.00103808964592754,128769.88234539203
2021-04-15,0.008330800867935624,129842.638592999
2021-04-16,0.003571482627481759,130306.3693210403
2021-04-19,-0.005785069572991638,129552.53790871413
2021-04-20,-0.009090123645456662,128374.8893205412
2021-04-21,0.009608758119743849,129608.41258067117
2021-04-22,-0.004352027186418174,129044.35324553159
2021-04-23,0.011245505616514651,130495.52224473371
2021-04-26,0.0024675330963331273,130817.52426479585
2021-04-27,0.0008373447052162953,130927.06362608848
2021-04-28,-0.0009991003740188885,130796.25434785047
2021-04-29,0.005642828604769823,131534.31519328128
2021-04-30,-0.007545197452370065,130541.86281338568
2021-05-03,0.0031141037502834174,130948.38371794182
2021-05-04,-0.0056108240036031555,130213.65538334416
2021-05-05,0.0014817479721158594,130406.59920315021
2021-05-06,0.0006410174816365317,130490.19211296018
2021-05-07,0.011048893561361888,131931.96435641794
2021-05-10,-0.005206740384580288,131245.0288695864
2021-05-11,-0.008591126942583335,130117.48616598475
2021-05-12,-0.022513978623135488,127188.02386394763
2021-05-13,0.00933068411523763,128374.77513786344
2021-05-14,0.015339359546380786,130343.96197038893
2021-05-17,-0.003203775031028538,129926.36923958287
2021-05-18,-0.00715147129177377,128997.2045399216
2021-05-19,-0.0033794671948068847,128561.26271895716
2021-05-20,0.01083278467899194,129953.93919605094
2021-05-21,0.0007141045179139058,130046.73989115156
2021-05-24,0.007919703379935571,131076.6714966171
2021-05-25,-0.002802234543524833,130709.36391989904
2021-05-26,0.002491277714598233,131034.997245322
2021-05-27,0.004614430938133747,131639.6491905891
2021-05-28,0.0013049411428088659,131811.4311848428
2021-06-01,0.0018971159119551737,132061.49274832115
2021-06-02,0.001913017789399801,132314.1287332434
2021-06-03,-0.002884551385888715,131932.46182983325
2021-06-04,0.00533885435535082,132636.8300282856
2021-06-07,-0.0015141622271367017,132435.9963503296
2021-06-08,-0.0002784854712699091,132399.11484947288
2021-06-09,-0.003728482040981048,131905.46712751483
2021-06-10,0.004822982320127508,132541.644863399
2021-06-11,0.0025650546199763352,132881.62142189514
2021-06-14,-0.0010654673839950194,132740.04038833771
2021-06-15,0.00045782597509630104,132800.81222676282
2021-06-16,-0.005833681039678657,132026.09464642164
2021-06-17,-0.004529574297275764,131428.0726415415
2021-06-18,-0.01451517033587091,129520.37178023432
2021-06-21,0.015830765650597066,131570.77843286542
2021-06-22,0.0025737304618693776,131909.40615320997
2021-06-23,-0.0015605487702362627,131703.55509165497
2021-06-24,0.005806399560521563,132468.27855605827
2021-06-25,0.0051232824370255475,133146.95096104755
2021-06-28,-0.0016504903199764242,132927.19320735196
2021-06-29,-0.000337882143651295,132882.2794823615
2021-06-30,0.0010152654048881525,133017.19026364264
2021-07-01,0.005176310482683584,133705.72853998144
2021-07-02,0.003949461230848858,134233.7941311925
2021-07-06,-0.005720116997927417,133465.96112368637
2021-07-07,0.003019338368270426,133868.9400209652
2021-07-08,-0.010470645020855558,132467.24587068747
2021-07-09,0.01368452392040822,134279.9970654755
2021-07-12,0.0020729496706555924,134558.352741168
2021-07-13,-0.008020068803524865,133479.18549409485
2021-07-14,-0.0037231381392882523,132982.22404778065
2021-07-15,-0.0013613191198722204,132801.1928035813
2021-07-16,-0.0062260654485474165,131974.363885541
2021-07-19,-0.01730829628801864,129690.1124929873
2021-07-20,0.018511561341917986,132090.8789658415
2021-07-21,0.011817622029267704,133651.87904697354
2021-07-22,0.00016746245094189405,133674.2607182117
2021-07-23,0.008389736668516662,134795.75256499613
2021-07-26,0.003518721627772585,135270.06129487845
2021-07-27,-0.0014653572095359073,135071.84233532567
2021-07-28,0.0015592696553475764,135282.455760371
2021-07-29,0.007742161271987863,136329.83435013838
2021-07-30,-0.0027349623364318954,135956.97738785876
2021-08-02,-0.00021453721182309373,135927.80955700207
2021-08-03,0.008978548250458074,137148.24395368868
2021-08-04,-0.005687670397242806,136368.18994651944
2021-08-05,0.005423913160044445,137107.8391665818
2021-08-06,0.003432805500733264,137578.5037110665
2021-08-09,-0.0008371244299484007,137463.33338457422
2021-08-10,0.0009999118848614391,137600.78460535812
2021-08-11,0.005530236372992078,138361.74946933493
2021-08-12,0.00014784555826190965,138382.20563942732
2021-08-13,0.0011704490151601137,138544.17495573364
2021-08-16,0.00081321788409291,138656.84155654456
2021-08-17,-0.006011754844222174,137823.27061763246
2021-08-18,-0.01118163800124776,136282.18069743807
2021-08-19,-0.0015451146676809314,136071.60910109893
2021-08-20,0.006010770714602076,136889.50434417257
2021-08-23,0.008328184053403609,138029.54533133004
2021-08-24,0.005020568511176332,138722.5321202325
2021-08-25,0.0041064983281504765,139292.19596646103
2021-08-26,-0.006770960849263592,138349.05396096417
2021-08-27,0.010347035567034929,139780.5565429639
2021-08-30,-0.0003360990958046026,139733.57642429875
2021-08-31,0.00017207814403074993,139757.6215187886
2021-09-01,-0.0021249541593233727,139460.64297964514
2021-09-02,0.005095607164526612,140171.27963118168
2021-09-03,-0.0006773518134388477,140076.33436073145
2021-09-07,-0.00836062375548843,138905.2088320934
2021-09-08,0.0007000556248661142,139002.45020485952
2021-09-09,-0.002601200309769165,138640.87698832795
2021-09-10,-0.007778665973414439,137562.4359159745
2021-09-13,0.00313231407425958,137993.32467008353
2021-09-14,-0.006788733779505843,137056.52472554945
2021-09-15,0.011761657612604604,138668.53664294482
2021-09-16,-0.0009715333068313456,138533.81554098663
2021-09-17,-0.00797051122877149,137429.63020865264
2021-09-20,-0.01644145226841012,135170.08750331184
2021-09-21,-0.0008627815541537106,135053.4652451406
2021-09-22,0.010652899600390626,136492.17625108195
2021-09-23,0.012497108289770818,138197.93375839823
2021-09-24,0.0015766672889011048,138415.8259199488
2021-09-27,-0.0007748688692572826,138308.5718054309
2021-09-28,-0.01703814479663212,135952.05033239457
2021-09-29,0.0018795956236692,136207.5852112282
2021-09-30,-0.013258129634086633,134401.72738935184
2021-10-01,0.011913001653625197,136002.85538999128
2021-10-04,-0.011878761379662631,134387.3099238608
2021-10-05,0.011277676775020111,135902.88656784655
2021-10-06,0.0025978317591595075,136255.93940273396
2021-10-07,0.007503294480132474,137278.30784073976
2021-10-08,-0.0019724787511868707,137007.529295525
2021-10-11,-0.004576642524880744,136380.49481072224
2021-10-12,-0.00039984294872756246,136325.96403152822
2021-10-13,0.004732592089329104,136971.13921047398
2021-10-14,0.018408718631826696,139492.60237288036
2021-10-15,0.005177875951036017,140214.8777640543
2021-10-18,0.00025101126043139725,140250.0732772531
2021-10-19,0.009268863491127668,141550.03206108062
2021-10-20,0.006456016484116718,142463.88140139423
2021-10-21,0.0022774293068343215,142788.33282006314
2021-10-22,0.003892960855079154,143344.20221029365
2021-10-25,0.001281165157757176,143527.84980773195
2021-10-26,0.0005699691923655219,143609.65626036882
2021-10-27,-0.013506194263112127,141670.03634485754
2021-10-28,0.008208181162371668,142832.8896684559
2021-10-29,-0.00046977109259816136,142765.7909058174
2021-11-01,0.0028567269362374708,143173.63378627127
2021-11-02,0.0061612455098387755,144055.76169456425
2021-11-03,0.004034298969152568,144636.92570546913
2021-11-04,-0.0001580680281517201,144614.06323182493
2021-11-05,0.00860402261304514,145858.32590203587
2021-11-08,0.0029215538515782254,146284.45885585973
2021-11-09,0.001013621911152109,146432.73598861703
2021-11-10,-0.00819941600208404,145232.073069923
2021-11-11,0.0009652318660780868,145372.25569482666
2021-11-12,0.006983087442472602,146387.40286805312
2021-11-15,-0.0001086878530274048,146371.49233552514
2021-11-16,0.0009265260725578758,146507.10933945322
2021-11-17,-0.004307793985423254,145875.98689501898
2021-11-18,-0.002290369473692862,145541.8769876898
2021-11-19,-0.007862629918495203,144397.53507129243
2021-11-22,-0.0044629884007349515,143753.09054717454
2021-11-23,0.003471229187734018,144252.09047090888
2021-11-24,0.0008104834188019767,144369.0043983631
2021-11-26,-0.024828370040879198,140784.5573347272
2021-11-29,0.009080106642196058,142062.8961289009
2021-11-30,-0.024968143684359612,138515.84932613824
2021-12-01,-0.013677031029859581,136621.36375677728
2021-12-02,0.022584756950264708,139706.92405143782
2021-12-03,-0.008142429481851595,138569.37027422257
2021-12-06,0.013281661567002204,140409.8017537574
2021-12-07,0.018672594492318277,143031.6170446521
2021-12-08,0.0022698531176692173,143356.2778065262
2021-12-09,-0.008664549573941735,142114.1602307358
2021-12-10,0.0049563869501200964,142818.5329999307
2021-12-13,-0.007924171705170973,141686.8144217586
2021-12-14,-0.005666352595732198,140883.96697307884
2021-12-15,0.013248821563031386,142750.5135125972
2021-12-16,-0.0025616877815601473,142384.8312663205
2021-12-17,-0.0066525733710305545,141437.6057293995
2021-12-20,-0.011085747550069872,139869.66413819708
2021-12-21,0.01960770020411922,142612.1865802697
2021-12-22,0.00836427418074465,143805.03401034258
2021-12-23,0.007468786532458787,144879.0831116588
2021-12-27,0.01233415187631219,146666.04372645885
2021-12-28,-0.0020373681441806404,146367.23100113758
2021-12-29,0.0009714495170553781,146509.41937700636
2021-12-30,-0.002351562654753854,146164.89329782972
2021-12-31,-0.0011511807751447254,145996.63108266416
2022-01-03,0.00014776075343974178,146018.2036548726
2022-01-04,0.00415218435233028,146624.49815524372
2022-01-05,-0.018302097459024013,143940.96230012598
2022-01-06,0.0016790049800752334,144182.63989266468
2022-01-07,-0.0012808741476580874,143997.9600766851
2022-01-10,-0.002712042512183905,143607.43148728934
2022-01-11,0.012242394834065577,145365.53036466276
2022-01-12,0.001710961204624515,145614.24514760636
2022-01-13,-0.010226914208707456,144125.06075491608
2022-01-14,-0.0018879297048929183,143852.96277149738
2022-01-18,-0.017832589736603538,141287.69190399838
2022-01-19,-0.009872006266351973,139892.8989241637
2022-01-20,-0.007765309765056385,138806.58723008583
2022-01-21,-0.017194227706824224,136419.91516204458
2022-01-24,0.003265127742480022,136865.34361166693
2022-01-25,-0.009714903019165805,135535.71007179478
2022-01-26,-0.004386309816632211,134941.20845620264
2022-01-27,-0.0036058741639484,134454.62743897844
2022-01-28,0.020884265867862493,137262.61362557847
2022-01-31,0.019006414336768314,139871.48373309398
2022-02-01,0.007063689677147623,140859.49248886676
2022-02-02,0.007113204329545346,141861.45484069615
2022-02-03,-0.015195724353507136,139705.76727654942
2022-02-04,0.005377369446947366,140457.0168010647
2022-02-07,0.0016590920009096361,140690.04791411094
2022-02-08,0.008093403038216764,141828.70917534587
2022-02-09,0.017125566415219864,144257.60615391316
2022-02-10,-0.016102970197378632,141934.63022127154
2022-02-11,-0.020065754169577014,139086.6048231017
2022-02-14,-0.006430598211799599,138192.19475084098
2022-02-15,0.015584004649632397,140345.782556381
2022-02-16,0.001578604017613675,140567.33297257964
2022-02-17,-0.021125759779304372,137597.74126338342
2022-02-18,-0.005716301510093845,136811.19108721404
2022-02-22,-0.009379556239215228,135527.96282625748
2022-02-23,-0.019718917412338614,132855.49812022402
2022-02-24,0.011878420194502116,134433.6115520459
2022-02-25,0.02556973909830905,137871.04392547513
2022-02-28,-0.0032234802358409413,137426.61934028662
2022-03-01,-0.018427770926739553,134894.15307984757
2022-03-02,0.02082154226924399,137702.85739007348
2022-03-03,-0.005726944897630917,136914.2407135542
2022-03-04,-0.008163644187284392,135796.52156819653
2022-03-07,-0.03279248632905698,131343.41599113794
2022-03-08,-0.0069999825478018534,130424.0143714313
2022-03-09,0.027101637993581545,133958.7187945955
2022-03-10,-0.0015259359773066726,133754.30636611293
2022-03-11,-0.010760885315523,132314.9916148499
2022-03-14,-0.004361712117583933,131737.8717125854
2022-03-15,0.018203070270506026,134135.90544865647
2022-03-16,0.02318296520569324,137245.57347750684
2022-03-17,0.014353947010989696,139215.58916669586
2022-03-18,0.00989908520123434,140593.696145197
2022-03-21,-0.0014012237647002142,140396.69291699133
2022-03-22,0.010825155571636729,141916.50895956106
2022-03-23,-0.012936484459728165,140080.60824682683
2022-03-24,0.01458925412072654,142124.27983792574
2022-03-25,0.0060349607999899595,142981.99429547443
2022-03-28,0.005181800519764606,143722.8984678317
2022-03-29,0.011482091485146131,145373.1379365497
2022-03-30,-0.004845598920137742,144668.7180163473
2022-03-31,-0.013535017266318615,142710.62442009986
2022-04-01,0.0041157024936123955,143297.97889289068
2022-04-04,0.002685163944087845,143682.75745907452
2022-04-05,-0.010384981168524352,142190.6147286204
2022-04-06,-0.006703761244411347,141237.40279628363
2022-04-07,0.004074725816496161,141812.90648771252
2022-04-08,0.00054886899133251,141890.74319465435
2022-04-11,-0.013143947664489395,140025.73869202833
2022-04-12,-0.0031589689578181935,139583.40173020464
2022-04-13,0.012682396847258234,141353.65382423738
2022-04-14,-0.009487674814195724,140012.5363229546
2022-04-18,-0.004639507335898925,139362.94713356646
2022-04-19,0.01639129302129079,141647.2860363434
2022-04-20,0.003954516651592845,142207.43258762706
2022-04-21,-0.017209346648879784,139760.13558417937
2022-04-22,-0.030003281886860158,135566.87283970145
2022-04-25,0.0039811254365830955,136106.5815655216
2022-04-26,-0.026740887820705828,132466.97073621824
2022-04-27,0.0005171841940664581,132535.48055971888
2022-04-28,0.01599248944143543,134655.05283318576
2022-04-29,-0.036449209844886706,129746.98255579465
2022-05-02,0.00436784189599526,130313.69686208079
2022-05-03,0.0047859006535584505,130937.36526906064
2022-05-04,0.030217312698585956,134893.9405793248
2022-05-05,-0.03523634706197732,130140.77087251397
2022-05-06,-0.007085458818677423,129218.66379986584
2022-05-09,-0.039521846336987,124111.70362529675
2022-05-10,-0.0006661808742574832,124029.02278207007
2022-05-11,-0.015461645351640189,122111.3300185032
2022-05-12,0.00149036363690531,122293.3203044169
2022-05-13,0.02858293805586294,125788.82270332385
2022-05-16,-0.007450762035641558,124851.60011861789
2022-05-17,0.02301255708165157,127724.75469308312
2022-05-18,-0.0386885415774244,122783.27021067344
2022-05-19,-0.00012584303316323997,122767.81879152842
2022-05-20,-0.0016837907041504997,122561.10347947842
2022-05-23,0.01479266523170559,124374.10885367877
2022-05-24,-0.008567491984503298,123308.53467299511
2022-05-25,0.011874475320784145,124772.75882481167
2022-05-26,0.02211789611403284,127532.46974236015
2022-05-27,0.026716462053635866,130939.68613083835
2022-05-31,-0.008328801685900798,129849.11545224051
2022-06-01,-0.011674634101793918,128333.17454089402
2022-06-02,0.02264377042558813,131239.12148318495
2022-06-03,-0.015759362431436313,129170.87660254813
2022-06-06,0.002995142487732053,129557.76178323803
2022-06-07,0.009178315520430587,130746.88379900539
2022-06-08,-0.01372007878768862,128953.02625203827
2022-06-09,-0.025132203619496925,125712.1525389217
2022-06-10,-0.028698655251398593,122104.38281229594
2022-06-13,-0.0438839882705402,116745.95550917959
2022-06-14,-0.006519019411971817,115984.88635894604
2022-06-15,0.013397232570978253,117538.76285621534
2022-06-16,-0.036273547574139565,113275.2149499449
2022-06-17,0.006941247696419914,114061.48627477768
2022-06-21,0.021811207127576938,116549.30497719614
2022-06-22,-0.002605205568926263,116245.67007881505
2022-06-23,0.007887717683542033,117162.58310633092
2022-06-24,0.033611191293487136,121100.5570995569
2022-06-27,-0.0038935862578415204,120629.0416346171
2022-06-28,-0.017933558985933372,118465.73360104606
2022-06-29,-0.006915558979603693,117646.47683326602
2022-06-30,-0.008760420644195382,116615.84420889901
2022-07-01,0.011183163416440054,117919.97825163325
2022-07-05,-0.0014800202297828558,117745.45429832528
2022-07-06,-0.0007416038452943773,117658.13381665171
2022-07-07,0.016229144510224974,119567.62467316553
2022-07-08,-0.002265710374146724,119296.71906553145
2022-07-11,-0.011710110856650673,117899.74126043939
2022-07-12,-0.006124726131665722,117177.63763422496
2022-07-13,-0.006288596668811986,116440.75473253909
2022-07-14,-0.008509135799882946,115449.94453787904
2022-07-15,0.020996642207424865,117874.00571620792
2022-07-18,-0.006054197126994819,117160.37324945348
2022-07-19,0.03016421201887266,120694.42358836027
2022-07-20,0.007102717820590506,121551.6820216272
2022-07-21,0.005353786726441739,122202.44380341125
2022-07-22,-0.008638365254881817,121146.81445879822
2022-07-25,0.0031845060167883786,121532.607218357
2022-07-26,-0.010348121403137104,120274.97304442167
2022-07-27,0.02683714333629736,123502.80973578412
2022-07-28,0.014179741728935649,125254.0476806354
2022-07-29,0.012086634953003227,126767.9476313373
2022-08-01,-0.0036376487810721616,126306.81036115714
2022-08-02,-0.0026541797742919934,125971.56937974124
2022-08-03,0.014985996669808327,127859.37889895655
2022-08-04,0.002557388786577188,128186.36504081149
2022-08-05,0.004371437651381447,128746.72374334461
2022-08-08,0.0017147295650800447,128967.48955695453
2022-08-09,-0.004857337151342416,128341.05097861419
2022-08-10,0.023857059979464343,131402.89112963848
2022-08-11,0.0017428975088367737,131631.91290124226
2022-08-12,0.01894364241172059,134125.50078921416
2022-08-15,0.0026680067555477196,134483.34853141103
2022-08-16,0.0020433748072983065,134758.14841780122
2022-08-17,-0.009991339867487074,133411.7339570457
2022-08-18,0.003504123606203997,133879.22516334918
2022-08-19,-0.015073121519763998,131861.24733349017
2022-08-22,-0.020223277515830345,129194.58073508146
2022-08-23,-0.0018360568705536762,128957.3721374845
2022-08-24,0.004168667561100372,129494.95255147878
2022-08-25,0.015616680496730892,131517.23385141455
2022-08-26,-0.03401181542672081,127044.09396822736
2022-08-29,-0.0064490626598330434,126224.77864566456
2022-08-30,-0.010064904682224473,124954.33828006106
2022-08-31,-0.006888701726775421,124093.56511418312
2022-09-01,0.00038263429385932616,124141.04756784308
2022-09-02,-0.009126081845071474,123008.12620740602
2022-09-06,-0.002056852845308941,122755.11659302018
2022-09-07,0.020799244495132867,125308.33027606696
2022-09-08,0.00974537290420963,126529.5066826111
2022-09-09,0.015002311160926582,128427.74171290216
2022-09-12,0.008215137520771536,129482.79327255579
2022-09-13,-0.040746615603586035,124206.80766780034
2022-09-14,0.0032142743514191638,124606.04242395861
2022-09-15,-0.010847951559768287,123254.32211168908
2022-09-16,-0.010133022948055443,122005.38323728432
2022-09-19,0.006003852528929642,122737.88556597651
2022-09-20,-0.013923048499513233,121029.00003251371
2022-09-21,-0.017275748262825387,118938.13349545053
2022-09-22,-0.015532842742995042,117090.68617172034
2022-09-23,-0.018811714139533423,114888.00965505613
2022-09-26,-0.013087490023551614,113384.41397486987
2022-09-27,-0.0010736323645339453,113262.68079839273
2022-09-28,0.02296419182070325,115863.6667263741
2022-09-29,-0.01958457231848312,113594.5263662868
2022-09-30,-0.014519789137425621,111945.15779628258
2022-10-03,0.02922329128233435,115216.5637502102
2022-10-04,0.03567840755573046,119327.30726886101
2022-10-05,-0.004038517430257786,118845.40185854999
2022-10-06,-0.010832859979216406,117557.9662610426
2022-10-07,-0.02939393854414913,114102.47462539036
2022-10-10,-0.005987347507961098,113419.30345828984
2022-10-11,-0.00507335158737802,112843.88745505041
2022-10-12,-0.0029927637404659905,112506.1723603417
2022-10-13,0.0249128316840153,115309.0196957677
2022-10-14,-0.02370503828798987,112575.61496892895
2022-10-17,0.02544328248831167,115439.90814187881
2022-10-18,0.013513885386168474,116999.94982949797
2022-10-19,-0.009165728374631145,115927.56006951533
2022-10-20,-0.009008700103501565,114883.2034471184
2022-10-21,0.022250765795917764,117439.44270090498
2022-10-24,0.012637698044866792,118923.60691631645
2022-10-25,0.015871864748699206,120811.1463207197
2022-10-26,-0.001183852845508026,120668.12370137882
2022-10-27,0.003951905003626483,121144.99266321253
2022-10-28,0.024675619302362152,124134.3203825574
2022-10-31,-0.007343888121655415,123222.69182161016
2022-11-01,0.00036250389126427595,123267.36052688755
2022-11-02,-0.024534339360555386,120243.07727164097
2022-11-03,-0.006537679691348309,119456.96654733692
2022-11-04,0.015388391890657506,121295.21716263652
2022-11-07,0.008577948562509015,122335.68129633598
2022-11-08,0.0053212975614953,122986.66585890205
2022-11-09,-0.018216109752629696,120746.32725550632
2022-11-10,0.05454431210296625,127332.35261461754
2022-11-11,0.00891930854968388,128468.06915594448
2022-11-14,-0.010715286193792552,127091.49702817459
2022-11-15,0.010340808223430444,128405.72582577163
2022-11-16,-0.010922407919393733,127003.22610911672
2022-11-17,-0.004729813540538037,126402.5245305738
2022-11-18,0.004846158609504258,127015.09121309074
2022-11-21,-0.003176710973846725,126611.60097898995
2022-11-22,0.012681552175211353,128217.23260279205
2022-11-23,0.005441807358370731,128914.96608263983
2022-11-25,0.002296103720123095,129210.96821584173
2022-11-28,-0.016102991925439892,127130.28503798376
2022-11-29,0.0021050523419284847,127397.90094223303
2022-11-30,0.025492755169801436,130645.6244401
2022-12-01,-0.001885415480887614,130399.30315727039
2022-12-02,-0.0016548340301632896,130183.51395289616
2022-12-05,-0.01857016663190096,127765.98440606448
2022-12-06,-0.014085892955057508,125966.28642642312
2022-12-07,-0.0031405265857851828,125570.68595498831
2022-12-08,0.008271296425586754,126609.31832088626
2022-12-09,-0.008068917313965071,125587.71820017755
2022-12-12,0.01601737435393477,127599.30369684627
2022-12-13,0.005450895564669268,128294.8341754223
2022-12-14,-0.008969199760335134,127144.13217948386
2022-12-15,-0.024078773040213067,124082.65747733922
2022-12-16,-0.010478264700958369,122782.4865474933
2022-12-19,-0.00961210047936883,121602.28894969205
2022-12-20,0.00364772642350388,122045.86083225242
2022-12-21,0.015761704267175124,123969.5115977232
2022-12-22,-0.013795948646659863,122259.2345819695
2022-12-23,0.006026570058935903,122996.03842452962
2022-12-27,-0.002381956855166793,122703.06716764595
2022-12-28,-0.011007162418844073,121352.45457804133
2022-12-29,0.017284785708501147,123450.00575062342
2022-12-30,-0.0031349027308619905,123063.00199047085
2023-01-03,-0.0017699609445698693,122845.1852832262
2023-01-04,0.010981278258998159,124194.18244559948
2023-01-05,-0.015190036229536965,122307.6683147531
2023-01-06,0.02502926636723708,125368.93952375875
2023-01-09,0.0031940707951250333,125769.37679210737
2023-01-10,0.00837886022358589,126823.18082065595
2023-01-11,0.009937377063369642,128083.47058884673
2023-01-12,0.004638496872511486,128677.5853665935
2023-01-13,0.005053286134648973,129327.83002456663
2023-01-17,-0.0007297443863222128,129233.45376661097
2023-01-18,-0.01758904253517543,126960.36105134244
2023-01-19,-0.010434779161087157,125635.55772155979
2023-01-20,0.01875984640355937,127992.46148724177
2023-01-23,0.010947884304474572,129393.70814744901
2023-01-24,-0.002548793576344509,129063.9102953034
2023-01-25,0.0006344199401471627,129145.7910135481
2023-01-26,0.010314868697575377,130477.91289069736
2023-01-27,0.0009922214769204746,130607.37587813126
2023-01-30,-0.010788199777224674,129198.35741477892
2023-01-31,0.013663125750357228,130963.61081887664
2023-02-01,0.011143567753270522,132423.01268924974
2023-02-02,0.008562435690974575,133556.87621940655
2023-02-03,-0.011919881832524192,131964.89403695017
2023-02-06,-0.006143144473869093,131154.21462740234
2023-02-07,0.009974837469940188,132462.45660180834
2023-02-08,-0.009166195292463387,131248.2798556767
2023-02-09,-0.011391692382237664,129753.13982586296
2023-02-10,0.00409157306830512,130284.03427830248
2023-02-13,0.009666288356839605,131543.39732192893
2023-02-14,-0.0005221001386636192,131474.71849594687
2023-02-15,0.009000133513801245,132658.00851609983
2023-02-16,-0.011827407380048362,131089.008207154
2023-02-17,-0.0034004522643582987,130643.2462923635
2023-02-21,-0.019469786329103882,128099.65020171068
2023-02-22,-0.0016261624387881556,127891.33936213078
2023-02-23,0.0030855022050796884,128285.94837174323
2023-02-24,-0.011089469713047863,126863.32523266514
2023-02-27,0.0022628493332830196,127150.39782358595
2023-02-28,-0.0011932772839942892,126998.67214221224
2023-03-01,-0.0018129228631183082,126768.43334589996
2023-03-02,0.007432902992434284,127710.69081346289
2023-03-03,0.013954506631480441,129492.83049533029
2023-03-06,-0.001899277348918721,129246.88769552315
2023-03-07,-0.01580524648634179,127204.10877790287
2023-03-08,0.002087094388670695,127469.59575954908
2023-03-09,-0.02285986965190018,124555.65741590537
2023-03-10,-0.0202739544000925,122030.42169718177
2023-03-13,-0.0060289519129935595,121294.70615284712
2023-03-14,0.0164829043945944,123293.99519793491
2023-03-15,-0.012648436043027423,121734.5189851845
2023-03-16,0.016649508641933063,123761.3389110499
2023-03-17,-0.014310822570638827,121990.21234878915
2023-03-20,0.011134289077209893,123348.4866376708
2023-03-21,0.014961049365040023,125193.90943535998
2023-03-22,-0.02253463050184737,122372.7109451524
2023-03-23,-0.005663033639251826,121679.71016654358
2023-03-24,0.004447162720256016,122220.8396374078
2023-03-27,0.005314482677961123,122870.38017254668
2023-03-28,8.025368501182864e-05,122880.24097333432
2023-03-29,0.015258732917031495,124755.23775112689
2023-03-30,0.005821721881837526,125481.52804861647
2023-03-31,0.014539814134168707,127306.00614371484
2023-04-03,0.0006412994395893699,127387.64741411117
2023-04-04,-0.008384809999000742,126319.52619432416
2023-04-05,-0.004331968731016745,125772.31395673349
2023-04-06,-2.793324632370391e-05,125768.80072770704
2023-04-10,0.005337392029285181,126440.07812224387
2023-04-11,0.006077252381109977,127208.48638808
2023-04-12,-0.004326253920459394,126658.15017512787
2023-04-13,0.009588417794409195,127872.60143607402
2023-04-14,-0.0025599013254817386,127545.260194165
2023-04-17,0.00604696183065547,128316.52151424016
2023-04-18,0.0022417666712656868,128604.17721554353
2023-04-19,0.00011769188204097274,128619.31288319836
2023-04-20,-0.007520290463776098,127652.0582910654
2023-04-21,-0.0013233884382650373,127483.12503300227
2023-04-24,-0.000886852997023736,127370.06624149681
2023-04-25,-0.016772519518454723,125233.74931939444
2023-04-26,-0.006083201595630211,124471.92717570794
2023-04-27,0.0157887066129702,126437.1779154362
2023-04-28,0.007933598615720266,127440.27973512169
2023-05-01,-0.0007228275816234951,127348.16238591934
2023-05-02,-0.01309326979749118,125680.75853758577
2023-05-03,-0.009472292160585732,124490.27367375373
2023-05-04,-0.00558678108788034,123794.77376716817
2023-05-05,0.018863604473978567,126129.98941545768
2023-05-08,0.002491801048917686,126444.28025538308
2023-05-09,-0.0022141633096875203,126164.31196932176
2023-05-10,0.001652656404863268,126372.81822756304
2023-05-11,-0.002364679473932903,126073.98701823727
2023-05-12,-0.0019276429163634016,125830.96139022388
2023-05-15,0.005364081932489678,126505.92897676496
2023-05-16,-0.010525254508218595,125174.42187748589
2023-05-17,0.013512461615534254,126865.8364483521
2023-05-18,0.00966959211138858,128092.57733967778
2023-05-19,-0.00228585233045907,127799.77662325137
2023-05-22,0.0036584791448656833,128267.32944074603
2023-05-23,-0.011802543116414602,126753.44875459427
2023-05-24,-0.010922593984705678,125368.97229768665
2023-05-25,0.002946204837291033,125738.3349703163
2023-05-26,0.010398640241099589,127045.8426801875
2023-05-30,-3.831387293106281e-06,127045.35591836022
2023-05-31,-0.004797670981836462,126435.83410089361
2023-06-01,0.008953958995554663,127567.93537500178
2023-06-02,0.018556922193973112,129935.20362620147
2023-06-05,-0.0031592994318248168,129524.69941121119
2023-06-06,0.004149117281534077,130062.11257992375
2023-06-07,0.002232589864154263,130352.48793418017
2023-06-08,0.003535929722649947,130813.40517068803
2023-06-09,0.00022777485741164494,130843.2011753983
2023-06-12,0.00821035695975406,131917.47056280522
2023-06-13,0.008265756049395914,133007.86819313077
2023-06-14,-0.0016282250022325827,132791.30145664504
2023-06-15,0.013421379608548124,134573.5439222078
2023-06-16,-0.0018675234390621194,134322.22467465544
2023-06-20,-0.008257911545866458,133213.00362464815
2023-06-21,-0.00276307717750614,132844.92581458585
2023-06-22,-0.0020743435845154323,132569.35979498693
2023-06-23,-0.007547044191478617,131568.85297817813
2023-06-26,0.0014343042193887207,131757.56273914487
2023-06-27,0.01262600660687171,133421.13459679464
2023-06-28,0.0018666400230303022,133670.1838265511
2023-06-29,0.006537970901108939,134544.115598755
2023-06-30,0.010435509946033556,135948.15205526608
2023-07-03,0.0034948193701857468,136423.26629040978
2023-07-05,-0.002165280240191804,136127.87168760874
2023-07-06,-0.0093349441945204,134857.12560208607
2023-07-07,0.0005329912409058194,134929.0032688057
2023-07-10,0.0076615886692660805,135962.77379140534
2023-07-11,0.011331953605437945,137503.4976360762
2023-07-12,0.0018522557195167612,137758.1892760262
2023-07-13,0.009970145920371572,139131.65852483435
2023-07-14,-0.004824300293426857,138460.44562378802
2023-07-17,0.004397185849772313,139069.2819360381
2023-07-18,0.007700481088422085,140140.18231156698
2023-07-19,0.004583959378910593,140782.57921463632
2023-07-20,-0.001842613383847353,140523.17134996288
2023-07-21,0.0015044532001422647,140734.58188479446
2023-07-24,0.0037643690792166467,141264.35879321807
2023-07-25,0.002053990671825908,141554.51446844082
2023-07-26,0.0021725913142497722,141862.05457706779
2023-07-27,-0.007641342652531012,140778.03800865237
2023-07-28,0.003196273681164944,141228.00314642547
2023-07-31,0.004120817331077011,141809.97794942465
2023-08-01,-0.00015484083373980647,141788.01997420634
2023-08-02,-0.009771731155839323,140402.50556189963
2023-08-03,-0.0035390102909023677,139905.6196498476
2023-08-04,-0.006001895298432702,139065.92076904685
2023-08-07,0.01040141065835428,140512.40251954788
2023-08-08,-0.007145172456898405,139508.41717121255
2023-08-09,-0.003550333432228006,139013.11577365242
2023-08-10,0.00014926404947778683,139033.8654342433
2023-08-11,-0.00031250992957975913,138990.41597074724
2023-08-14,0.0018904236401309001,139253.16673884998
2023-08-15,-0.012361224732979827,137531.82705001195
2023-08-16,-0.006121633197746225,136689.9076517959
2023-08-17,-0.009016036965926535,135457.50639153822
2023-08-18,0.00039504989880068006,135511.01886572997
2023-08-21,0.002433931825346567,135840.84344723242
2023-08-22,-0.00366402261201183,135343.119525207
2023-08-23,0.010381204951004915,136748.14418770652
2023-08-24,-0.010630977962148371,135294.3776804823
2023-08-25,0.006756634127978088,136208.51229004184
2023-08-28,0.006341920419754814,137072.33583547847
2023-08-29,0.013002707478221107,138854.64732170367
2023-08-30,0.0025645231228586377,139210.74327547656
2023-08-31,-0.0012190962749932758,139041.03197691037
2023-09-01,0.005375993132764328,139788.51560999072
2023-09-05,-0.006431355832275273,138889.48592483733
2023-09-06,-0.0009542853205489658,138756.94572724064
2023-09-07,0.0002447337651958847,138790.90423701555
2023-09-08,0.00011320677716208015,138806.61630798364
2023-09-11,0.0047991220234271425,139472.76619730468
2023-09-12,-0.002096029938451832,139180.42710375643
2023-09-13,-0.0024014904841945543,138846.18663248062
2023-09-14,0.009532572530939983,140169.74797719918
2023-09-15,-0.010353543957576226,138718.4943299949
2023-09-18,0.0014811810165779235,138923.96153044474
2023-09-19,-0.0028206477984058314,138532.10596420808
2023-09-20,-0.004822382449881741,137864.05116766115
2023-09-21,-0.017106383085021236,135505.69589473415
2023-09-22,-0.002358590796339938,135186.09340754518
2023-09-25,0.002378099452207733,135507.5793822238
2023-09-26,-0.015160255697008901,133453.24982990656
2023-09-27,0.0012603281744277422,133621.44472063612
2023-09-28,0.00700913292177618,134558.01518788282
2023-09-29,-0.004667636783275569,133929.9472467073
2023-10-02,-0.0072716796704135715,132956.05157205387
2023-10-03,-0.014059858004859519,131086.708366064
2023-10-04,0.0070288091750871666,132008.09182455938
2023-10-05,-7.031969918075118e-05,131998.80905525284
2023-10-06,0.010833589526080158,133428.8299704889
2023-10-09,0.006954754808609251,134356.79476733325
2023-10-10,0.007277734956217944,135334.60790921687
2023-10-11,0.0025874581563689087,135684.78054429058
2023-10-12,-0.009707890798688975,134367.56751172253
2023-10-13,-0.0034028157551139874,133910.33943601733
2023-10-16,0.011470914532210445,135446.41349466718
2023-10-17,0.004086793421048954,135999.95500624186
2023-10-18,-0.013578647988066773,134153.25949081918
2023-10-19,-0.012233779190047147,132512.0581365834
2023-10-20,-0.01159248894098102,130975.91356808842
2023-10-23,-0.004568533290763338,130377.54574666447
2023-10-24,0.008609993980167801,131500.09563069232
2023-10-25,-0.015522117422376318,129458.93570525899
2023-10-26,-0.005373998773849729,128763.22354351504
2023-10-27,-0.009608830764694732,127525.95951976883
2023-10-30,0.01057564102379944,128874.62828886548
2023-10-31,0.010382641039300826,130212.68729346212
2023-11-01,0.009591119391046695,131461.57272352275
2023-11-02,0.01960343424606396,134038.6710202925
2023-11-03,0.015017366664096017,136051.57889017236
2023-11-06,-0.00251688737622884,135709.1523887477
2023-11-07,0.0017314321441842064,135944.12357745355
2023-11-08,0.00010408099505476105,135958.27277710734
2023-11-09,-0.008320382512419332,134827.04794187396
2023-11-10,0.013561444288332456,136655.497441098
2023-11-13,0.00048498079921909876,136721.7727334647
2023-11-14,0.020553943827049788,139531.94437016302
2023-11-15,0.0023114706688296877,139854.4683669394
2023-11-16,-0.00010399301871343962,139839.92447859334
2023-11-17,0.0037544810011092503,140364.95081824475
2023-11-20,0.005705264323487987,141165.76996441625
2023-11-21,-0.00022833383157700406,141133.53704327275
2023-11-22,0.0046297270436624705,141786.94679648973
2023-11-24,0.003660963670232648,142306.0236576249
2023-11-27,-0.002248063142128356,141986.11073093733
2023-11-28,0.0006188132071686501,142073.97361149217
2023-11-29,0.0024419976955848055,142420.917927654
2023-11-30,0.006803512574595544,143389.88043366023
2023-12-01,0.009551872075574811,144759.52222849452
2023-12-04,-0.002181073045399214,144443.79113649708
2023-12-05,-0.006161564620893027,143553.7913833228
2023-12-06,-0.003272757499186947,143083.9746360363
2023-12-07,0.006817561620633328,144059.45845004258
2023-12-08,0.003625979026730699,144581.81502498465
2023-12-11,0.010169593599672374,146052.15332569176
2023-12-12,0.004433331610835332,146699.6509538611
2023-12-13,0.014713842080485219,148858.16645125853
2023-12-14,0.005633458062514102,149696.75268922444
2023-12-15,-0.0031058340846260453,149231.81941236442
2023-12-18,0.002414728488429167,149592.17373807958
2023-12-19,0.006720347931815064,150597.485193476
2023-12-20,-0.015743741610641244,148226.51729937753
2023-12-21,0.011169062200304357,149882.06849082877
2023-12-22,0.003472645190505099,150402.55573511642
2023-12-26,0.004587494070491878,151092.5265677381
2023-12-27,0.0018932697679070606,151378.58548044547
2023-12-28,0.001072886603808573,151540.99753691093
2023-12-29,-0.0030079327551235475,151085.17240667556
2024-01-02,-0.0049787508374636415,150332.95697802748
2024-01-03,-0.0108676573776799,148699.18990901677
2024-01-04,-0.0008930921232261649,148566.38783377892
2024-01-05,0.002336658753468531,148913.53678438193
2024-01-08,0.011366808086932188,150606.20837855633
2024-01-09,-0.004716560198058218,149895.86513053757
2024-01-10,0.0009389758731221974,150036.61373137592
2024-01-11,-0.0026499091310313886,149639.03033866012
2024-01-12,-0.00037976818384700484,149582.20219587575
2024-01-16,-0.003418461758098839,149070.86115797696
2024-01-17,-0.005723007527805894,148217.72749739338
2024-01-18,0.004849718756235248,148936.54179044405
2024-01-19,0.01215065900902826,150746.21892372362
2024-01-22,0.0007090415550832964,150853.10425721222
2024-01-23,-0.0001823213797067272,150825.60051111097
2024-01-24,-0.004428272951740358,150157.70358393763
2024-01-25,0.007213975323963379,151240.93755229516
2024-01-26,0.002118786543267669,151561.38481557215
2024-01-29,0.008290417391273485,152817.89195609264
2024-01-30,0.0014596206547091625,153040.94810760088
2024-01-31,-0.011484077842149215,151283.41394649688
2024-02-01,0.011481723688505117,153020.4083040843
2024-02-02,0.001216506124546602,153206.55856796683
2024-02-05,-0.010306591973274656,151627.5210811772
2024-02-06,0.0029913005675953463,152081.0845710504
2024-02-07,0.005503619704323694,152918.08102475054
2024-02-08,0.0017222844948536758,153181.44946468226
2024-02-09,0.004617832443418492,153888.81573175016
2024-02-12,0.002806764366448217,154320.74537614093
2024-02-13,-0.015182471423856569,151977.77506935943
2024-02-14,0.010668098708293598,153599.0889752662
2024-02-15,0.009460135609700186,155052.15718649863
2024-02-16,-0.0062212783460706056,154087.53455848273
2024-02-20,-0.0045358091396898595,153388.6229109201
2024-02-21,0.000878305430980376,153523.3449714734
2024-02-22,0.013718179019268804,155629.40570142903
2024-02-23,0.0032038444304268794,156128.0181060962
2024-02-26,-0.0022660581832543436,155774.2229330316
2024-02-27,0.00484188420424438,156528.4636824795
2024-02-28,0.004508596325740664,157234.18733871216
2024-02-29,0.0048457565062992765,157996.1059250214
2024-03-01,0.008915977776168196,159404.79569417
2024-03-04,0.0015885621955940977,159658.02012640616
2024-03-05,-0.006982085639925314,158543.27415678266
2024-03-06,0.008373921270397605,159870.90305252266
2024-03-07,0.005727087168647764,160786.49765003487
2024-03-08,-0.002796922908917441,160336.7902113129
2024-03-11,0.0013371325365104515,160551.1817503041
2024-03-12,0.004737653446759034,161311.81760990468
2024-03-13,0.0007751015231679248,161436.8506454391
2024-03-14,-0.005724979963723893,160512.62791008726
2024-03-15,-0.002884188916531357,160049.67916770568
2024-03-18,0.004515665045294565,160772.40990943392
2024-03-19,0.0037310497621181695,161372.25977118165
2024-03-20,0.010321106094900652,163037.7999850539
2024-03-21,0.0051441471952478795,163876.4904265664
2024-03-22,-0.005528792487060474,162970.45131749014
2024-03-25,0.0010612846408474882,163143.4093543854
2024-03-26,-0.0007942780010964587,163013.82813331133
2024-03-27,0.01044438380285868,164716.4071195089
2024-03-28,0.002941371067637958,165200.8991937755
2024-04-01,-0.005540185952944738,164285.6554926483
2024-04-02,-0.007721113612009356,163017.18728176615
2024-04-03,0.0014024400642508243,163245.80911637156
2024-04-04,-0.013680852582100419,161012.4672672048
2024-04-05,0.010518766790573128,162706.1198607633
2024-04-08,0.001914903439987633,163017.68636939174
2024-04-09,0.0004931084599581377,163098.07176966328
2024-04-10,-0.01205062769457836,161132.63762906348
2024-04-11,0.002485419674298358,161533.11985679832
2024-04-12,-0.017448232501016323,158714.6524249224
2024-04-15,-0.010663992183848291,157022.1206120008
2024-04-16,-0.003771869606062092,156429.85364778497
2024-04-17,-0.0035256889735903506,155878.3306376386
2024-04-18,0.0014256005894716277,156100.5508776815
2024-04-19,0.0014059135851871361,156320.01476281564
2024-04-22,0.008159274938516719,157595.47274165842
2024-04-23,0.010112549985588406,159189.16483726088
2024-04-24,-9.810311288101891e-05,159173.54788465338
2024-04-25,-0.0008288760815722992,159041.6127379928
2024-04-26,0.003117957372072132,159537.49770689546
2024-04-29,0.0031697982789307025,160043.1993925517
2024-04-30,-0.01320717633814604,157929.4806364532
2024-05-01,-0.004355478025700242,157241.62225393087
2024-05-02,0.007103964232166143,158358.66111423058
2024-05-03,0.008324755489232998,159676.95824760885
2024-05-06,0.008796037903388457,161081.4828246526
2024-05-07,0.0003453896019072687,161137.11869388004
2024-05-08,0.000511588196191388,161219.55454177212
2024-05-09,0.007268117952588128,162391.31728044545
2024-05-10,0.002864741437416467,162856.5264161354
2024-05-13,-0.003900781475743126,162221.25869468745
2024-05-14,0.003783919214549063,162835.0908324706
2024-05-15,0.010602804267770521,164561.59942849193
2024-05-16,-0.001305245100966994,164346.8062070306
2024-05-17,0.002720120766660268,164793.84936752866
2024-05-20,0.00016369370355190125,164820.8250830542
2024-05-21,-0.0004846628275002771,164740.94255593853
2024-05-22,-0.002641192700072943,164305.82998105665
2024-05-23,-0.014274536362999196,161960.44043633927
2024-05-24,0.005759486058682851,162893.24933509054
2024-05-28,-0.006132357776841206,161894.32965073557
2024-05-29,-0.0103463379343349,160219.31620651644
2024-05-30,0.0005804361572281406,160312.31329072907
2024-05-31,0.008641600869026461,161697.66831657785
2024-06-03,-0.003945260437392364,161059.72890294986
2024-06-04,0.0005282020085210983,161144.80097524825
2024-06-05,0.007101542287956852,162289.17759385836
2024-06-06,-0.0007141424293202659,162173.2800063191
2024-06-07,-0.0011707401776224102,161983.4172316789
2024-06-10,0.0046920100765779,162743.4450575685
2024-06-11,-0.0033105344500316243,162204.67727618857
2024-06-12,0.00536143209565729,163074.32663900286
2024-06-13,-0.0026276137397305286,162645.8302977289
2024-06-14,-0.0030304583336399978,162152.93888587135
2024-06-17,0.009812339774446791,163744.0386176446
2024-06-18,0.004130143350124055,164420.32496986372
2024-06-20,0.0032313867543355725,164951.6306301149
2024-06-21,-0.00010249691780523574,164934.72359638836
2024-06-24,0.0028052432520483833,165397.40561678563
2024-06-25,-0.00179380746131163,165100.71451650865
2024-06-26,-0.004399089621053983,164374.42167685047
2024-06-27,0.0023310544701955313,164757.5874072861
2024-06-28,0.0003852437658903269,164821.05924071785
2024-07-01,-0.004228999306541347,164124.03109548546
2024-07-02,0.004384686991339554,164843.66359959604
2024-07-03,-0.0009332954907885334,164689.81575167348
2024-07-05,0.0011451410518258014,164878.40882050834
2024-07-08,0.0008885702753257043,165024.91487362923
2024-07-09,-0.0008515201089196461,164884.39284014158
2024-07-10,0.006930647949971464,166027.14851936142
2024-07-11,0.0055063711666483535,166941.35562284925
2024-07-12,0.006315673108399971,167995.70265323634
2024-07-15,0.005307878810072025,168887.4034835326
2024-07-16,0.010216958629546073,170612.9190979753
2024-07-17,-0.007403006203477728,169349.87059949953
2024-07-18,-0.010458546277242173,167578.7171407897
2024-07-19,-0.0055756295813071816,166644.36028830198
2024-07-22,0.0050880568454942125,167492.2562664299
2024-07-23,-0.0017903178270268702,167192.39189414715
2024-07-24,-0.013059637552605915,165008.91985445633
2024-07-25,-0.0016436998136709895,164737.69472363754
2024-07-26,0.012029299753284714,166719.37383413326
2024-07-29,-0.0009809551303493842,166555.82960904206
2024-07-30,0.0011764481332894564,166751.77390387407
2024-07-31,0.007357730548897061,167978.68852480937
2024-08-01,-0.011255717411595291,166087.96787560373
2024-08-02,-0.02003201480294856,162760.891244528
2024-08-05,-0.024503329686212667,158772.70746634153
2024-08-06,0.010862099472799274,160497.31240840658
2024-08-07,-0.007694476430773332,159262.3696208776
2024-08-08,0.020434762853859458,162516.85837562394
2024-08-09,0.0021536581211694947,162866.86412749157
2024-08-12,-0.004260939614837649,162172.89825418635
2024-08-13,0.010004577928261404,163795.36965262235
2024-08-14,0.004317003518623774,164502.474839747
2024-08-15,0.013999312966680607,166805.39646882215
2024-08-16,0.003733998941532434,167428.24764267862
2024-08-19,0.006815673347777217,168569.3838878018
2024-08-20,-0.005384718639789915,167661.68518428327
2024-08-21,0.005283400003383737,168547.50893235323
2024-08-22,-0.004401733039363981,167805.6077935832
2024-08-23,0.01189986132878137,169802.4712565187
2024-08-26,-0.00029279961038610174,169752.7531590922
2024-08-27,0.0014438343042020027,169997.84800733603
2024-08-28,-0.003025279464454925,169483.5570087579
2024-08-29,0.004301514333918056,170212.59295859447
2024-08-30,0.007939008734385298,171563.91222079514
2024-09-03,-0.015720207164230122,168866.89197877844
2024-09-04,-0.0012761392563751888,168651.39430882226
2024-09-05,-0.007002675595460156,167470.38330575553
2024-09-06,-0.0139550483719723,165133.32600585098
2024-09-09,0.012210074312902285,167149.61618791913
2024-09-10,0.0022117513798433895,167519.30958216308
2024-09-11,0.0035194444775374623,168108.88449115292
2024-09-12,0.007637310818313342,169392.7842933318
2024-09-13,0.006387280666043489,170474.74354941587
2024-09-16,0.006763610345041655,171627.76828845503
2024-09-17,0.00037995612131628095,171692.97930960407
2024-09-18,-0.0024278641584453697,171276.13207888158
2024-09-19,0.01330201207587305,173554.4492561037
2024-09-20,0.0013175677770459692,173783.11900600648
2024-09-23,0.004268225849708019,174524.8646067908
2024-09-24,-0.00016396544348198794,174496.24855996692
2024-09-25,-0.0068403734407273455,173302.62905581074
2024-09-26,0.006601540931905565,174446.69345512954
2024-09-27,0.002917725143154977,174955.68095876378
2024-09-30,0.0017744587746432205,175266.13260201478
2024-10-01,-0.004965331787706806,174395.87810249758
2024-10-02,0.0012837711949052581,174619.76250731575
2024-10-03,-0.0039828060644153595,173924.28585823483
2024-10-04,0.011303984738515436,175890.32333123352
2024-10-07,-0.009274776694991127,174258.97985952653
2024-10-08,0.007249036494228198,175522.1895639752
2024-10-09,0.007576580432980779,176852.04755097957
2024-10-10,-0.0030808855205000647,176307.18663840895
2024-10-11,0.009769975958875632,178029.7036132432
2024-10-14,0.0068825710544896,179255.00569817107
2024-10-15,-0.005206657991150357,178321.686190299
2024-10-16,0.007040315076925772,179577.1270461274
2024-10-17,-0.0003607454953404642,179512.34540647932
2024-10-18,0.0016070128668788715,179800.82405531112
2024-10-21,-0.007119207282773602,178520.78471924787
2024-10-22,-0.003287326086719135,177933.92868661872
2024-10-23,-0.0042454835720117535,177178.51311547618
2024-10-24,-0.00038416462356515604,177110.4473986813
2024-10-25,-0.0027150823187485655,176629.5779544835
2024-10-28,0.005049744480621573,177521.51219087368
2024-10-29,0.0005207492599670371,177613.9563869753
2024-10-30,-0.0019391494791919349,177269.5363759503
2024-10-31,-0.008453519246162769,175770.98493843785
2024-11-01,0.002914803495852455,176283.32281980582
2024-11-04,-0.0015887988243022918,176003.2440837656
2024-11-05,0.011316247986377799,177994.94044022445
2024-11-06,0.027561136720119988,182900.68332918713
2024-11-07,-0.0009653602733111197,182724.11827553966
2024-11-08,0.005007184132799448,183639.0515812487
2024-11-11,0.007487126178658972,185013.98033176677
2024-11-12,-0.0056744312733230315,183964.13121577023
2024-11-13,2.1758063309294128e-05,183968.13391898386
2024-11-14,-0.005941700634176525,182875.05034100916
2024-11-15,-0.008274433589403824,181361.8628818036
2024-11-18,0.008357968714517189,182877.67965777626
2024-11-19,0.000970382430146637,183055.14094498215
2024-11-20,0.0019056222676257768,183403.97489777024
2024-11-21,0.01180083114195265,185568.29423630174
2024-11-22,0.009406871674499197,187313.91136703835
2024-11-25,0.00569248850375568,188380.19365408877
2024-11-26,0.00262443669686907,188874.58554727785
2024-11-27,-0.002758153244136822,188353.64049641564
2024-11-29,0.0019696533972244044,188724.631884299
2024-12-02,-0.0026083454744510112,188232.37284480614
2024-12-03,-0.0014896029403909598,187951.98134873976
2024-12-04,0.0032574747279200135,188564.23017804575
2024-12-05,-0.0031631704842930786,187967.7693707531
2024-12-06,-0.00029350678737133417,187912.59955463576
2024-12-09,-0.011557703601914389,185740.76142591803
2024-12-10,-0.004908986507445734,184828.96253419548
2024-12-11,0.004043391108868231,185576.2983179676
2024-12-12,-0.004774412248401119,184690.28056626534
2024-12-13,-0.0023928583381993508,184248.342888428
2024-12-16,-0.0010310673232784265,184058.37044270753
2024-12-17,-0.007142755455554368,182743.68651308745
2024-12-18,-0.02942782629582945,177365.93704972081
2024-12-19,-0.002003938909831577,177010.50654718815
2024-12-20,0.013582242359564607,179414.70614730136
2024-12-23,0.0021004299182820945,179791.55416387293
2024-12-24,0.008680181465090628,181352.177479906
2024-12-26,-0.00011135516867717609,181331.98297759274
2024-12-27,-0.00798826431847167,179883.45516817513
2024-12-30,-0.010572915707652992,177981.56255948063
2024-12-31,-0.0002703421598489251,177933.44663944503
2025-01-02,-0.001459917123319078,177673.6785538849
2025-01-03,0.010736648370425364,179581.298365198
2025-01-06,-0.0004292089937528817,179504.22045682982
2025-01-07,-0.0050923240475098264,178590.126798368
2025-01-08,0.003542264589836923,179222.74028062035
2025-01-10,-0.014820012188790295,176566.6570851532
2025-01-13,0.004706092196210378,177397.59605217256
2025-01-14,0.008183778379382903,178849.37866329885
2025-01-15,0.01253538989858918,181091.3253579637
2025-01-16,0.009391269605651939,182792.00281764517
2025-01-17,0.007244971135217846,184116.32560180768
2025-01-21,0.009678118587168178,185898.22523481565
2025-01-22,-0.0002486510135487544,185852.0014526941
2025-01-23,0.006605109944862545,187079.57435576187
2025-01-24,-0.0007571589855492823,186937.92537502566
2025-01-27,-0.0048969692809473254,186022.49609702016
2025-01-28,0.00013288599475872454,186047.21588146148
2025-01-29,-0.0024747493954863976,185586.7956464269
2025-01-30,0.007931835053310549,187058.83949756683
2025-01-31,-0.004467100005716067,186223.22895457802
2025-02-03,-0.0043887226127467625,185405.94685864632
2025-02-04,0.0024441235971412096,185859.10190841387
2025-02-05,0.005529535751058775,186886.81645707611
2025-02-06,-0.0016994320821883103,186569.21500545094
2025-02-07,-0.006239582671615859,185405.10096444597
2025-02-10,0.0038434312829642016,186117.69272951386
2025-02-11,-0.0005818688858097674,186009.39663501584
2025-02-12,-0.002868483295098481,185475.83178803697
2025-02-13,0.006383886067445677,186659.88836643653
2025-02-14,-3.263070356264807e-05,186653.7975229522
2025-02-18,0.004782934106798259,187546.55033728812
2025-02-19,0.0013746550588008602,187804.36215146995
2025-02-20,-0.005924609141666043,186691.6947106226
2025-02-21,-0.017931673773125885,183344.00014491973
2025-02-24,-0.0017571877322254427,183021.8303170879
2025-02-25,-0.0014991511084017236,182747.45293730634
2025-02-26,-0.0001436328213009677,182721.20440505538
2025-02-27,-0.008459370686142553,181175.49800477462
2025-02-28,0.013206287918043675,183568.15379512063
2025-03-03,-0.01113307460175673,181524.47584441278
2025-03-04,-0.016963102797805354,178445.25750034628
2025-03-05,0.008447309544406938,179952.6398271831
2025-03-06,-0.014635799239728405,177318.8891180133
2025-03-07,0.0060531377162113586,178392.22477353024
2025-03-10,-0.021062145705378742,174634.90174264347
2025-03-11,-0.007872431467540714,173260.1004468338
2025-03-12,0.0006047101036756454,173364.87258013786
2025-03-13,-0.013185400268466287,171078.9873426771
2025-03-14,0.02166076269211226,174784.6886891137
2025-03-17,0.01278988807957678,177020.16529547115
2025-03-18,-0.00637839353678009,175891.06101727075
2025-03-19,0.011622293174866247,177935.31849525176
2025-03-20,-0.00176809005467916,177620.71282824414
2025-03-21,-0.002639673639897902,177151.85211469154
2025-03-24,0.015581993924850088,179912.23119811862
2025-03-25,-0.0007280819298319325,179781.2403536275
2025-03-26,-0.004774629198789887,178922.8515940404
2025-03-27,-0.0038481593125609323,178234.32795644883
2025-03-28,-0.017546375236174392,175106.9615581576
2025-03-31,0.0065572476211849815,176255.1812652878
2025-04-01,0.0028045503744819587,176749.49779990973
2025-04-02,0.007944177501221748,178153.627183684
2025-04-03,-0.04716833365624194,169750.41745461427
2025-04-04,-0.06601107338950835,158545.01019011808
2025-04-07,-0.0028153461846256657,158098.6511005879
2025-04-08,-0.013366546178393559,155985.4181799101
2025-04-09,0.0794851059498139,168383.93567056628
2025-04-10,-0.030843482961434337,163190.3886197319
2025-04-11,0.015916735176772383,165787.84681878675
2025-04-14,0.01055845704652622,167538.310678259
2025-04-15,-0.0009037417875897537,167386.89930587684
2025-04-16,-0.013627670432201101,165105.8058074683
2025-04-17,0.005234447374677656,165970.04345922126
2025-04-21,-0.022930533457742694,162164.2618246966
2025-04-22,0.02587860435216723,166360.84659651917
2025-04-23,0.011606542395719208,168291.7208155294
2025-04-24,0.017431046617434266,171225.22164639315
2025-04-25,0.0014958523604974572,171481.34929836963
2025-04-28,0.002515137455800566,171912.64846296117
2025-04-29,0.00642439285457346,173017.08285335742
2025-04-30,0.0008488989533280691,173163.9568738995
2025-05-01,0.0009418090641749269,173327.0442580717
2025-05-02,0.014853833147383633,175901.61525341027
2025-05-05,-0.0033101354665711563,175319.3570781328
2025-05-06,-0.004698809474203471,174495.56482208282
2025-05-07,0.0029691662884745187,175013.67117064085
2025-05-08,0.007582312214516992,176340.67946726547
2025-05-09,-0.0014657428045981146,176082.20938517837
2025-05-12,0.02241686853416333,180029.42112417094
2025-05-13,0.005764892012832919,181067.27129608457
2025-05-14,-0.003954766083590515,180351.19259271453
2025-05-15,0.009451608221777446,182055.80140743122
2025-05-16,0.010829005014973128,184027.28459387724
2025-05-19,0.001669763115676484,184334.56656597022
2025-05-20,-0.0044721045860382155,183510.2031054652
2025-05-21,-0.01740565923859584,180316.08704340595
2025-05-22,-0.0017769414817936928,179995.6759085038
2025-05-23,-0.003378832749498751,179387.50062397597
2025-05-27,0.016093723923940397,182274.51353442395
2025-05-28,-0.0079534073238925,180824.8100835203
2025-05-29,0.0019061337618771332,181169.4863590055
2025-05-30,0.002920106751848019,181698.5205993513
2025-06-02,0.0014485535307901692,181961.72063290485
2025-06-03,0.005630735473879464,182986.29894816066
2025-06-04,-0.0032763159822485535,182386.7780123843
2025-06-05,-0.0021344636557289434,181997.48006343137
2025-06-06,0.009622448041477095,183748.74135902151
2025-06-09,-0.0015629196077046148,183461.55684826046
2025-06-10,0.0031605260513890418,184041.39187810774
2025-06-11,-0.0014299482007668265,183778.22222092503
2025-06-12,0.003936536882876869,184501.67197096723
2025-06-13,-0.01247698597456893,182199.64719750095
2025-06-16,0.009977409518588557,184017.52769173277
2025-06-17,-0.008729672877831463,182411.11487119665
2025-06-18,0.0015882397032887415,182700.82744615627
2025-06-20,-0.0005337947086257496,182603.30271120396
2025-06-23,0.007103583190332242,183900.4404628424
2025-06-24,0.011527730927269785,186020.39525790449
2025-06-25,-0.006051396253640476,184894.71213494005
2025-06-26,0.00937272052409982,186627.67859816476
2025-06-27,0.003909639912641009,187357.3256192157
2025-06-30,0.006813395443620178,188633.86516791853
2025-07-01,0.0035516101877323945,189303.81912520027
2025-07-02,0.0011736929950022835,189526.00369163472
2025-07-03,0.008269579999397087,191093.3041411287
2025-07-07,-0.007241091092489,189709.58011867804
2025-07-08,-0.00023396658076165508,189665.19441687994
2025-07-09,0.002170919461801384,190076.9422786659
2025-07-10,0.002955290781228546,190638.67491390614
2025-07-11,-0.00657016352759383,189386.14764503797
2025-07-14,0.004159279438800345,190173.85755493157
2025-07-15,-0.011775755144276456,187934.41677352219
2025-07-16,0.004196896204260123,188723.15801392886
2025-07-17,0.007500717484861204,190138.71710504213
2025-07-18,0.0007836037312526087,190287.71051322122
2025-07-21,-0.0011787901109145433,190063.40124183966
2025-07-22,0.006920529608915075,191378.74063770488
2025-07-23,0.007507911602152775,192815.5953049441
2025-07-24,-0.001857577120284842,192457.42546667153
2025-07-25,0.0028335003371732113,193002.7536466228
2025-07-28,-0.004989908585215171,192039.68754923134
2025-07-29,-0.0011216979535611155,191824.27702470485
2025-07-30,-0.0024080749592515663,191362.34978662513
2025-07-31,-0.010245303544094291,189401.78442615003
2025-08-01,-0.01435005213197225,186683.8589457462
2025-08-04,0.011506698214673823,188831.97377218565
2025-08-05,-0.0008486477145693862,188671.7219492063
